countrycode,ProductName,ProductTrimName,ModelYear,CurrentOdometer,OdometerType,Condition,Revenue,CarID
NO,Model 3,,2023,5362.0,km,GOOD,364856.1347906898,CAR-00001
FR,Model 3,Rear-Wheel Drive,2023,24700.0,km,FAIR,31195.285131484477,CAR-00002
IT,Model 3,,2023,7087.0,km,GOOD,34035.9670138702,CAR-00003
PT,Model 3,Long Range AWD,2023,16900.0,km,GOOD,41964.23215371647,CAR-00004
IT,MODEL 3,Rear-Wheel Drive,2023,8824.0,km,FAIR,31926.887950158827,CAR-00005
IT,Model Y,Performance,2023,48000.0,km,GOOD,44277.65424838428,CAR-00006
SE,Model Y,Long Range AWD,2023,49935.0,km,GOOD,355737.68952743,CAR-00007
DE,Model Y,Performance,2023,14400.0,km,GOOD,43299.90579299941,CAR-00008
FR,Model 3,Long Range Rear-Wheel Drive,2023,8610.0,km,GOOD,40689.568657764066,CAR-00009
PT,model 3,Long Range Rear-Wheel Drive,2023,31114.0,km,GOOD,38154.48653715911,CAR-00010
DK,Model Y,Performance,,20000.0,km,GOOD,337602.994979519,CAR-00011
FR,model 3,Model 3 Rear-Wheel Drive,2024,,km,GOOD,38461.37942413578,CAR-00012
BE,Model 3,Model 3 Long Range Dual Motor All-Wheel Drive,2024,7285.0,km,GOOD,46554.7310047527,CAR-00013
PL,Model Y,Rear-Wheel Drive,2024,9980.0,km,GOD,174591.4223086685,CAR-00014
IT,model y,Performance,2024,8458.0,km,GOO,52213.67083944636,CAR-00015
FR,Model Y,Performance,2024,16250.0,km,FAIR,46690.703468705105,CAR-00016
DK,Model Y,Long Range AWD,2024,26816.0,km,FAIR,318976.42401160934,CAR-00017
FR,MODEL 3,Long Range AWD,2023,,km,FAIR,46043.79331626763,CAR-00018
GB,Model 3,Rear-Wheel Drive,2023,3988.0,mile,FAIR,25735.966721753888,CAR-00019
GB,Model 3,Rear-Wheel Drive,2023,30888.0,mile,FAIR,24662.463918771846,CAR-00020
DE,Model Y,Rear-Wheel Drive,2023,44790.0,km,GOOD,32663.419711758714,CAR-00021
DE,Model Y,Long Range AWD,2023,30150.0,km,GOOD,41328.62342450046,CAR-00022
FR,Model Y,Performance,2023,30000.0,km,GOOD,46420.114742971695,CAR-00023
ES,Model Y,Performance,2023,15000.0,km,GOOD,42894.8039959651,CAR-00024
DK,,Long Range AWD,2023,23000.0,km,GOOD,276709.10375903046,CAR-00025
DE,Model 3,Long Range AWD,2023,14033.0,km,GOOD,36800.32660389699,CAR-00026
IE,Model Y,Rear-Wheel Drive,2023,80650.0,km,GOOD,30401.635512379326,CAR-00027
BE,Model 3,Rear-Wheel Drive,2023,7638.0,km,GOOD,34704.1959951139,CAR-00028
DK,Model Y,Long Range AWD,2023,25918.0,km,FAIR,302591.5788152489,CAR-00029
DE,Model Y,Rear-Wheel Drive,2023,16867.0,km,GOOD,36979.040561133406,CAR-00030
BE,Model 3,Long Range AWD,2023,25500.0,km,FAIR,38292.22246096639,CAR-00031
NL,Model Y,Long Range AWD,2023,18744.0,km,GOOD,34662.970866898,CAR-00032
GB,Model Y,Rear-Wheel Drive,2023,6755.0,km,GOOD,34234.31799160922,CAR-00033
PT,Model 3,Performance,2023,30500.0,km,GOOD,42053.92194873014,CAR-00034
GB,Model Y,Rear-Wheel Drive,2023,10630.0,mile,GOOD,34392.72116795599,CAR-00035
CH,Model 3,Long Range AWD,2023,12491.0,km,FAIR,40360.72375563111,CAR-00036
DE,Model Y,Rear-Wheel Drive,2023,30318.0,km,GOOD,36582.94794945326,CAR-00037
SE,Model Y,Long Range AWD,2023,38000.0,km,GOOD,458906.2896986049,CAR-00038
DE,Model X,Long Range Palladium,2023,4400.0,km,GOOD,82360.60747028654,CAR-00039
FR,Model Y,Performance,2023,38382.0,km,GOO,49051.25162511296,CAR-00040
ES,model 3,Rear-Wheel Drive,2023,39000.0,km,FAR,32103.883198701722,CAR-00041
DE,Model Y,Long Range AWD,2023,16057.0,km,GOOD,40408.05186196384,CAR-00042
ES,Model 3,Rear-Wheel Drive,2023,1855.0,km,GOOD,28981.213533919017,CAR-00043
GB,Model Y,Rear-Wheel Drive,2023,33100.0,km,mFAIR,27208.65619661988,CAR-00044
NL,Model 3,Rear-Wheel Drive,2023,33685.0,km,GOOD,34862.42208057665,CAR-00045
DE,Model Y,,2023,15246.0,km,GOOD,35954.07453384923,CAR-00046
SE,Model 3,Model 3 Long Range Dual Motor All-Wheel Drive,2024,16816.0,km,GOOD,413410.43718821526,CAR-00047
IT,Model Y,Performance,2024,10282.0,km,GOOD,49297.651366073944,CAR-00048
ES,Model Y,Performance,1928,1100.0,km,GOOD,50913.72885507728,CAR-00049
DE,Model Y,Performance,2024,11835.0,km,GOOD,44472.83628789794,CAR-00050
DE,Model 3,Model 3 Rear-Wheel Drive,2024,3925.0,km,GOOD,35192.5039746866,CAR-00051
SE,Model Y,Rear-Wheel Drive,1920,33440.0,km,GOOD,424059.359705626,CAR-00052
DE,Model 3,Rear-Wheel Drive,2023,21000.0,km,GOOD,30734.631109504873,CAR-00053
NO,model y,Rear-Wheel Drive,2023,35566.0,km,GOOD,348568.63160617003,CAR-00054
DK,Model 3,Long Range AWD,2023,35200.0,km,GOOD,264477.92278959206,CAR-00055
GB,Model 3,Performance,2023,32764.0,mile,GOOD,34007.52842917784,CAR-00056
AT,Model 3,Long Range AWD,2033,15196.0,km,GOOD,37974.43047413167,CAR-00057
SE,Model Y,Performance,,24033.0,km,GOOD,535280.8004621848,CAR-00058
FR,Model 3,Rear-Wheel Drive,2023,58600.0,km,FAIR,31882.80258286668,CAR-00059
NL,Model 3,Long Range AWD,2023,11488.0,km,FAIR,40310.63100183493,CAR-00060
GB,MODEL 3,Rear-Wheel Drive,2023,16312.0,mile,GOOD,30877.57610288608,CAR-00061
FI,Model 3,Rear-Wheel Drive,2023,52772.0,km,GOOD,35527.19150727315,CAR-00062
FR,Model 3,Long Range AWD,2023,99099.0,km,FAIR,31730.83739886387,CAR-00063
IT,Model 3,Long Range AWD,2023,14000.0,km,GOOD,43292.04418070971,CAR-00064
ES,Model Y,Performance,,48000.0,km,,36194.08525432169,CAR-00065
FR,Model Y,Long Range AWD,2023,66666.0,km,GOOD,45829.446379172594,CAR-00066
DE,Model Y,Long Range AWD,1920,23984.0,km,GOOD,46182.14737905173,CAR-00067
NO,MODEL Y,Rear-Wheel Drive,2023,11270.0,km,GOOD,414903.21204042935,CAR-00068
FR,Model Y,Rear-Wheel Drive,2023,76080.0,km,GOOD,29731.319884468172,CAR-00069
DE,Model Y,Performance,2023,32400.0,km,FAIR,42382.1346322216,CAR-00070
GB,Model Y,Rear-Wheel Drive,2023,13600.0,mile,GOOD,30654.373473174597,CAR-00071
IT,Model 3,Rear-Wheel Drive,2023,12597.0,km,GOOD,36106.646696511016,CAR-00072
DE,Model 3,Long Range AWD,2023,39438.0,km,LIKE_NEW,30510.02534026193,CAR-00073
DE,Model 3,Performance,2023,28728.0,km,GOOD,36621.65846389354,CAR-00074
IT,Model Y,Long Range AWD,2023,23679.0,km,GOOD,41114.26410330118,CAR-00075
IT,Model 3,Long Range AWD,,44620.0,km,GOOD,37281.110122006445,CAR-00076
DE,Model 3,Performance,2023,17347.0,km,GOOD,38401.418092679414,CAR-00077
DE,Model 3,Rear-Wheel Drive,2023,30567.0,km,GOOD,35621.800035808476,CAR-00078
IT,Model Y,Long Range AWD,2023,67500.0,Miles,FIR,39318.992359265874,CAR-00079
CH,Model 3,Performance,2023,15105.0,km,GOOD,35464.24615815845,CAR-00080
CH,Model 3,Long Range Rear-Wheel Drive,2023,,km,GOOD,41829.54705107288,CAR-00081
FR,model 3,,2023,26906.0,km,GOOD,30744.018670164663,CAR-00082
FR,Model 3,Long Range Rear-Wheel Drive,2023,38425.0,km,GOOD,36182.42948968906,CAR-00083
FR,Model 3,Rear-Wheel Drive,2023,11550.0,km,GOOD,34670.480152869866,CAR-00084
DE,Model 3,Rear-Wheel Drive,2023,4367.0,km,GOOD,37563.57151704624,CAR-00085
FR,Model Y,Rear-Wheel Drive,2023,21000.0,km,FAIR,33719.18026851704,CAR-00086
DE,Model Y,Long Range AWD,2023,,km,FIR,42903.74808421831,CAR-00087
NL,Model 3,Model 3 Long Range Dual Motor All-Wheel Drive,2024,67843.0,km,GOOD,42103.66428746245,CAR-00088
BE,Model Y,Long Range AWD,2023,16708.0,km,GOOD,43410.65795814048,CAR-00089
IT,MODEL 3,Model 3 Rear-Wheel Drive,2024,50333.0,km,GOOD,32346.4088905103,CAR-00090
DE,Model Y,Long Range AWD,2023,8500.0,km,GOOD,43086.0835399534,CAR-00091
ES,Model 3,Model 3 Long Range Dual Motor All-Wheel Drive,2024,24500.0,km,GOOD,41387.39496737189,CAR-00092
FR,MODEL Y,Rear-Wheel Drive,2024,8900.0,km,GOOD,39725.39550176892,CAR-00093
SE,Model 3,Model 3 Long Range Dual Motor All-Wheel Drive,2024,41334.0,km,GOOD,409042.96138871706,CAR-00094
CH,Model 3,Model 3 Rear-Wheel Drive,2024,14352.0,km,GOOD,38983.00653720916,CAR-00095
ES,Model 3,Model 3 Long Range Dual Motor All-Wheel Drive,2024,20700.0,km,GOOD,40526.47960796551,CAR-00096
ES,Model 3,Model 3 Rear-Wheel Drive,2024,8198.0,km,GOOD,34334.31821606106,CAR-00097
BE,Model Y,Rear-Wheel Drive,2024,35000.0,km,GOOD,42102.68073524646,CAR-00098
FR,Model 3,Model 3 Rear-Wheel Drive,,11900.0,km,GOOD,28569.617386236703,CAR-00099
NO,Model Y,Performance,2024,20100.0,km,GOOD,457211.49714405625,CAR-00100
NO,Model Y,Long Range AWD,2023,18100.0,km,GOOD,414096.6453082904,CAR-00101
CH,Model Y,Long Range AWD,2023,34500.0,km,GOOD,42367.43751606768,CAR-00102
DE,Model 3,,,21944.0,km,GOOD,34410.51858169355,CAR-00103
GB,Model Y,Long Range AWD,,12045.0,mile,GOOD,36928.7515100387,CAR-00104
NO,Model Y,Long Range AWD,2023,83000.0,km,GOOD,447568.7684358528,CAR-00105
IT,Model Y,Long Range AWD,2023,29000.0,km,GOOD,43246.36867355349,CAR-00106
FR,,Rear-Wheel Drive,2023,18782.0,km,FAIR,38923.77184831901,CAR-00107
FR,Model S,Long Range Palladium,2023,9973.0,km,GOOD,77442.65297993881,CAR-00108
FR,Model Y,Long Range AWD,2023,18592.0,km,GOOD,42401.89510844718,CAR-00109
IT,Model 3,Rear-Wheel Drive,2023,16511.0,km,FAIR,31692.00490547254,CAR-00110
FR,Model Y,Rear-Wheel Drive,2023,19840.0,Miles,GOOD,33471.43844517355,CAR-00111
NL,model y,Long Range AWD,2023,21941.0,km,,47198.65584696824,CAR-00112
NO,Model Y,Long Range AWD,2023,22100.0,km,FAR,433118.1836696563,CAR-00113
GB,Model S,Plaid,2023,8289.0,km,GOOD,65495.56188131113,CAR-00114
FR,Model 3,Rear-Wheel Drive,2023,16492.0,km,GOOD,29866.51362115992,CAR-00115
DE,Model 3,Long Range AWD,2023,15800.0,km,GOOD,40337.44629657047,CAR-00116
DE,Model Y,Rear-Wheel Drive,2023,,km,FAIR,38683.73001752341,CAR-00117
CH,Model 3,Long Range Rear-Wheel Drive,2023,62503.0,km,FAIR,31869.279043050916,CAR-00118
CH,Model Y,Long Range AWD,2023,19585.0,km,GOOD,45124.80651975546,CAR-00119
IT,Model 3,Rear-Wheel Drive,2023,16300.0,km,GOOD,33599.57561511767,CAR-00120
BE,Model 3,Rear-Wheel Drive,2023,9097.0,km,GOOD,35309.861294161085,CAR-00121
FR,Model 3,Model 3 Rear-Wheel Drive,2024,11615.0,km,GOOD,33048.805338975064,CAR-00122
DE,Model 3,Model 3 Long Range Dual Motor All-Wheel Drive,2024,19000.0,km,FAIR,44704.60772103171,CAR-00123
FR,Model 3,Model 3 Long Range Dual Motor All-Wheel Drive,2024,39010.0,km,FAIR,40551.6421534147,CAR-00124
IT,Model 3,Model 3 Long Range Dual Motor All-Wheel Drive,2024,19900.0,km,GOOD,40886.1406982481,CAR-00125
GB,Model 3,Model 3 Long Range Dual Motor All-Wheel Drive,2024,2216.0,mile,GOOD,48157.023657678736,CAR-00126
GB,Model Y,Rear-Wheel Drive,2024,4134.0,mile,FAIR,34380.34514614337,CAR-00127
PT,Model Y,Rear-Wheel Drive,2024,1400.0,km,GOOD,34715.54826487182,CAR-00128
NO,Model Y,Long Range AWD,2024,14800.0,km,GOOD,474192.3452062187,CAR-00129
SE,Model Y,Long Range AWD,2021,43971.0,km,GOOD,467992.8937107093,CAR-00130
DE,MODEL 3,Rear-Wheel Drive,2023,27577.0,km,GOOD,32097.073680082904,CAR-00131
DE,Model Y,Long Range AWD,2023,23600.0,km,FAIR,43227.47687627631,CAR-00132
BE,model 3,Long Range AWD,2023,34549.0,km,GOOD,36177.879617520004,CAR-00133
GB,Model Y,Long Range AWD,2023,84000.0,mile,FAIR,43800.608929028276,CAR-00134
AT,,Long Range AWD,2023,36999.0,km,,30067.41949682285,CAR-00135
CH,Model 3,Long Range AWD,,32820.0,km,GOOD,34322.675598036934,CAR-00136
IT,Model 3,Rear-Wheel Drive,2023,28500.0,km,FAIR,37664.53579786273,CAR-00137
NL,Model 3,,,9500.0,km,GOOD,37400.99115576664,CAR-00138
FR,,Long Range AWD,2023,38276.0,km,GOOD,40451.53874655433,CAR-00139
GB,Model Y,Long Range AWD,2023,18968.0,km,GOOD,35929.19166960631,CAR-00140
CH,Model X,Long Range Palladium,2023,44694.0,km,,61406.607840059165,CAR-00141
NO,Model Y,Long Range AWD,2023,37100.0,km,GOOD,394391.8523338381,CAR-00142
IT,Model Y,Long Range AWD,2023,18500.0,km,GOOD,45177.338729414296,CAR-00143
GB,Model 3,Rear-Wheel Drive,2023,5028.0,km,GOOD,32838.62282712932,CAR-00144
SE,Model Y,Long Range AWD,2023,59288.0,km,GOOD,333904.87529596296,CAR-00145
DE,model 3,Rear-Wheel Drive,2023,8140.0,km,GOOD,38945.956864685664,CAR-00146
GB,Model 3,Rear-Wheel Drive,2023,11129.0,mile,GOOD,33944.715827935506,CAR-00147
AE,Model 3,Long Range AWD,2023,682000.0,km,FAIR,145343.42033564296,CAR-00148
GB,Model 3,Long Range Rear-Wheel Drive,2023,9006.0,mile,GOOD,37210.521382456405,CAR-00149
DE,Model 3,Model 3 Long Range Dual Motor All-Wheel Drive,2024,10300.0,km,GOOD,50490.14386519459,CAR-00150
CH,Model 3,Model 3 Long Range Dual Motor All-Wheel Drive,2024,13500.0,km,GOOD,45519.33651586546,CAR-00151
FR,Model Y,Rear-Wheel Drive,2024,14050.0,km,FAIR,36940.291453577694,CAR-00152
FR,Model Y,Rear-Wheel Drive,2024,28419.0,km,FAIR,36410.22550840169,CAR-00153
IT,Model Y,Rear-Wheel Drive,2024,14216.0,km,FAIR,31129.137908021396,CAR-00154
NO,Model 3,Rear-Wheel Drive,2023,17500.0,km,,313175.0445012896,CAR-00155
FR,Model 3,,2023,30786.0,km,GOOD,32788.19581207337,CAR-00156
IT,Model Y,Rear-Wheel Drive,2023,19380.0,km,GOOD,42187.46970537115,CAR-00157
DE,model y,Rear-Wheel Drive,2035,19231.0,km,GOOD,36975.99195307936,CAR-00158
NO,,Long Range AWD,2023,13418.0,km,GOOD,412380.3577530265,CAR-00159
NL,Model Y,Long Range AWD,2023,29600.0,km,GOOD,42112.51140848882,CAR-00160
GB,Model 3,Long Range AWD,2023,121430.0,mile,GOOD,31339.65582233907,CAR-00161
PT,Model 3,Rear-Wheel Drive,2023,32846.0,km,GOOD,26958.277585539483,CAR-00162
IT,Model 3,Rear-Wheel Drive,2023,42000.0,km,GOOD,31841.215569934855,CAR-00163
NL,Model Y,Long Range AWD,2023,57465.0,km,FAIR,38770.81815848,CAR-00164
FR,Model Y,Performance,,12988.0,km,FAIR,53586.40884150663,CAR-00165
SE,Model 3,Performance,2023,35981.0,km,GOOD,377808.58990857296,CAR-00166
ES,Model 3,Long Range AWD,2023,24652.0,km,GOOD,34904.260379749314,CAR-00167
FR,Model 3,Rear-Wheel Drive,,25231.0,km,GOOD,31122.551634124688,CAR-00168
NL,Model Y,Performance,2023,13702.0,km,FAIR,45446.12507832094,CAR-00169
IT,model y,Long Range AWD,,14486.0,km,GOOD,41476.39372818892,CAR-00170
DE,Model Y,Long Range AWD,2023,18294.0,km,GOOD,36896.56008230249,CAR-00171
IT,Model 3,Long Range AWD,2023,34000.0,km,GOOD,37105.458420996176,CAR-00172
DK,Model Y,Performance,2023,4677.0,km,FAIR,419473.664523173,CAR-00173
FR,Model 3,Long Range AWD,,12885.0,km,FAIR,41296.97135907373,CAR-00174
FR,Model S,Long Range Palladium,2023,,km,FAIR,83529.81415226472,CAR-00175
FR,Model 3,Model 3 Rear-Wheel Drive,2024,34500.0,km,GOOD,34545.37077765148,CAR-00176
DK,Model 3,Model 3 Long Range Dual Motor All-Wheel Drive,2024,11250.0,km,GOOD,337693.95816416707,CAR-00177
FR,Model 3,Model 3 Long Range Dual Motor All-Wheel Drive,2024,43905.0,km,FAIR,41011.83599612175,CAR-00178
DE,Model 3,Model 3 Long Range Dual Motor All-Wheel Drive,2024,14100.0,km,GOOD,44226.08184453003,CAR-00179
FR,Model Y,Rear-Wheel Drive,2024,7623.0,km,GOOD,36443.92978227245,CAR-00180
FR,Model Y,Rear-Wheel Drive,2024,13850.0,km,GOOD,37026.61184309506,CAR-00181
FR,Model Y,Rear-Wheel Drive,2024,9232.0,km,GOOD,39071.100228347845,CAR-00182
DE,Model Y,Long Range AWD,2024,7770.0,km,GOOD,45835.91870423577,CAR-00183
FR,Model 3,Model 3 Rear-Wheel Drive,2024,8700.0,km,GOOD,39062.52904334059,CAR-00184
SE,Model X,Plaid,2023,35682.0,km,FAIR,1119767.503089919,CAR-00185
FR,Model Y,Performance,2024,26000.0,km,FAIR,44756.38644914914,CAR-00186
FR,Model 3,Model 3 Long Range Dual Motor All-Wheel Drive,2024,14316.0,km,GOOD,47006.4552662577,CAR-00187
AE,Model 3,Model 3 Long Range Dual Motor All-Wheel Drive,2024,,km,GOOD,168228.85992200402,CAR-00188
DE,Model Y,Long Range RWD,2024,5000.0,km,GOOD,45958.303128046624,CAR-00189
DE,Model Y,Long Range AWD,2023,32258.0,km,GOOD,35564.61977159714,CAR-00190
IT,Model 3,Rear-Wheel Drive,2023,381320.0,km,GOOD,32175.59471486801,CAR-00191
IT,Model Y,Rear-Wheel Drive,2023,45400.0,km,GOOD,35611.244845717636,CAR-00192
NL,Model 3,Performance,2023,26500.0,km,FAIR,40153.167557827765,CAR-00193
GB,Model Y,Rear-Wheel Drive,2023,4709.0,mile,FAIR,29199.197562189565,CAR-00194
DK,Model Y,Long Range AWD,2023,33027.0,km,FAIR,352304.08243083576,CAR-00195
FR,Model 3,Rear-Wheel Drive,2023,16744.0,km,GOOD,36691.22040664426,CAR-00196
IT,Model Y,Long Range AWD,2023,17000.0,km,GOOD,40788.969961928036,CAR-00197
FR,Model 3,Performance,2038,28289.0,km,FAIR,38760.26745957637,CAR-00198
FR,Model 3,Performance,2023,12944.0,km,FAIR,40242.55286688668,CAR-00199
GB,Model Y,Long Range AWD,2023,10034.0,mile,GOOD,44565.213977899904,CAR-00200
NL,Model Y,Long Range AWD,2033,50000.0,km,GOOD,36429.714973661634,CAR-00201
DE,Model Y,Rear-Wheel Drive,2023,26000.0,km,GOOD,123653.80965572209,CAR-00202
FR,Model 3,Long Range AWD,2023,11000.0,km,FAIR,42763.604223013695,CAR-00203
DE,Model 3,Rear-Wheel Drive,2023,11536.0,km,FAIR,37882.53952487995,CAR-00204
DK,Model Y,Rear-Wheel Drive,2023,18826.0,km,FAIR,303580.5222284282,CAR-00205
FR,Model 3,Rear-Wheel Drive,2023,12915.0,km,FAIR,36204.310355606154,CAR-00206
DE,Model Y,Rear-Wheel Drive,2023,16450.0,km,GOOD,34919.12292381528,CAR-00207
IT,Model Y,Performance,2023,69365.0,km,GOOD,36335.31177163175,CAR-00208
PT,Model 3,Performance,2022,27678.0,km,GOOD,32580.552070219237,CAR-00209
GB,Model 3,Long Range AWD,2023,6986.0,mile,GOOD,33668.63333638955,CAR-00210
FR,Model 3,Rear-Wheel Drive,2023,43000.0,km,GOOD,31917.166660468683,CAR-00211
FR,,Long Range AWD,2023,10529.0,km,GOOD,45082.043668411585,CAR-00212
DE,Model Y,Rear-Wheel Drive,2023,25500.0,km,GOOD,36244.276441904796,CAR-00213
CH,,Rear-Wheel Drive,2023,20000.0,km,FAIR,34626.85922352123,CAR-00214
DE,Model Y,Long Range AWD,2023,18214.0,km,,45804.21734384794,CAR-00215
NL,Model Y,Long Range AWD,2023,157106.0,km,FAIR,17798.20214302957,CAR-00216
GB,Model 3,Performance,2023,21734.0,mile,FAIR,37440.03252728088,CAR-00217
FR,Model 3,Rear-Wheel Drive,2023,18839.0,km,FAIR,26917.215512321938,CAR-00218
IT,model y,Long Range AWD,2033,48051.0,km,GOOD,42953.92847607554,CAR-00219
DE,Model Y,Long Range AWD,2023,66350.0,km,GOOD,33476.76694128071,CAR-00220
NL,Model 3,Rear-Wheel Drive,2023,56441.0,km,GOD,29920.500697052958,CAR-00221
AE,Model 3,Rear-Wheel Drive,2023,53127.0,KM,GOOD,121871.39244942609,CAR-00222
DE,Model 3,Performance,2023,26000.0,km,GOOD,42444.85780662,CAR-00223
IT,Model 3,Rear-Wheel Drive,2023,18424.0,km,FAIR,39238.74673850402,CAR-00224
IT,Model 3,Rear-Wheel Drive,2023,5275.0,km,FAIR,39040.42637146054,CAR-00225
IT,Model Y,Long Range AWD,2023,75840.0,km,GOOD,40849.155319610036,CAR-00226
PT,Model Y,Long Range AWD,2023,10094.0,km,GOOD,43896.47384616017,CAR-00227
GB,Model 3,Rear-Wheel Drive,2023,,mile,FAIR,27626.96819649901,CAR-00228
GB,Model Y,Long Range AWD,2023,3150.0,mile,FAIR,43124.39812345073,CAR-00229
FR,Model 3,Performance,2023,32641.0,km,GOOD,42388.219363986325,CAR-00230
FR,Model Y,Performance,2023,57000.0,km,GOOD,41823.19715017032,CAR-00231
IT,Model 3,Rear-Wheel Drive,2023,,km,GOOD,36826.310413622225,CAR-00232
FR,Model 3,Long Range Rear-Wheel Drive,2023,23000.0,km,FAIR,22495.53965292486,CAR-00233
FR,Model 3,Rear-Wheel Drive,2023,12500.0,km,GOOD,35502.37648549518,CAR-00234
DK,Model 3,Long Range Rear-Wheel Drive,2023,6481.0,km,FAIR,307051.0808140489,CAR-00235
FR,Model 3,Rear-Wheel Drive,2023,36333.0,km,FAIR,32248.453364984693,CAR-00236
DE,,Rear-Wheel Drive,2023,29595.0,km,GOOD,29478.512032057737,CAR-00237
CH,,Long Range AWD,2023,33316.0,KM,GOOD,38533.426596050995,CAR-00238
DE,model 3,Model 3 Long Range Dual Motor All-Wheel Drive,2024,25287.0,km,GOOD,41403.10301212222,CAR-00239
DE,Model Y,Long Range AWD,2024,,km,FAIR,46780.8356331828,CAR-00240
GB,model 3,Model 3 Long Range Dual Motor All-Wheel Drive,2024,3088.0,mile,GOOD,50302.435993646075,CAR-00241
DE,Model Y,Rear-Wheel Drive,2024,17402.0,km,,37508.484757640064,CAR-00242
FR,model 3,Model 3 Long Range Dual Motor All-Wheel Drive,2024,5659.0,km,GOOD,44961.91091624797,CAR-00243
BE,Model 3,Model 3 Rear-Wheel Drive,2024,3650.0,km,,37564.30620482853,CAR-00244
DE,MODEL 3,,2024,10600.0,km,FAIR,46376.915421804835,CAR-00245
FR,Model 3,Model 3 Rear-Wheel Drive,2024,8784.0,km,GOO,34591.87601664821,CAR-00246
FR,Model Y,Rear-Wheel Drive,2023,55000.0,km,FAIR,32789.71754519798,CAR-00247
PT,Model 3,Model 3 Rear-Wheel Drive,2024,14000.0,km,,35564.706637790565,CAR-00248
DE,Model 3,Rear-Wheel Drive,2023,18000.0,km,GOOD,34158.22151630895,CAR-00249
DE,Model 3,Model 3 Long Range Dual Motor All-Wheel Drive,2024,14000.0,km,GOOD,45410.076700143785,CAR-00250
DE,Model 3,Model 3 Long Range Dual Motor All-Wheel Drive,2024,14300.0,km,GOOD,41140.482418237574,CAR-00251
DK,Model 3,Model 3 Rear-Wheel Drive,,1287.0,km,bGOOD,305129.8209207358,CAR-00252
FR,Model 3,Model 3 Long Range Dual Motor All-Wheel Drive,2024,35507.0,km,GOOD,43964.70114955895,CAR-00253
NL,Model Y,Long Range RWD,2024,12543.0,Miles,GOOD,43310.66356954249,CAR-00254
NL,Model S,Plaid,2024,9968.0,km,GOOD,94860.68921466316,CAR-00255
NO,Model 3,Rear-Wheel Drive,2023,38300.0,km,FAIR,345737.2268609043,CAR-00256
IT,Model Y,Rear-Wheel Drive,2023,24000.0,km,GOOD,33983.17514169383,CAR-00257
IT,Model 3,Rear-Wheel Drive,2023,5283.0,km,GOOD,36626.66951450564,CAR-00258
LU,Model Y,Long Range AWD,2023,7782.0,km,GOOD,38374.501593501926,CAR-00259
DE,Model Y,Rear-Wheel Drive,2023,24200.0,km,GOOD,32493.779299138885,CAR-00260
PT,Model 3,Long Range AWD,2023,18278.0,km,FAIR,45195.31805621639,CAR-00261
NO,Model 3,Long Range AWD,2023,25000.0,km,GOOD,359094.16426277265,CAR-00262
NL,Model 3,Rear-Wheel Drive,2023,17610.0,km,GOOD,39005.58483278224,CAR-00263
DE,Model 3,Performance,2023,19600.0,km,GOOD,41406.08040636524,CAR-00264
IT,Model 3,Rear-Wheel Drive,2023,17700.0,km,GOOD,35571.88215451926,CAR-00265
DE,Model 3,Performance,,12403.0,km,GOOD,40266.00840167011,CAR-00266
DE,Model Y,Rear-Wheel Drive,2023,28954.0,km,GOOD,36502.92074563077,CAR-00267
DE,Model Y,Performance,2023,18000.0,km,GOOD,47072.867226007074,CAR-00268
CH,Model 3,Long Range AWD,1926,5484.0,km,GOOD,36408.06789447269,CAR-00269
NL,Model Y,Long Range AWD,2023,31894.0,km,GOOD,39953.095276685024,CAR-00270
FR,Model 3,Rear-Wheel Drive,2023,34018.0,km,GOOD,35098.28712788984,CAR-00271
ES,Model Y,Rear-Wheel Drive,2023,25291.0,km,GOOD,36432.0223383518,CAR-00272
IT,Model 3,Rear-Wheel Drive,2023,22959.0,km,GOOD,35007.498738533526,CAR-00273
FR,Model 3,Long Range Rear-Wheel Drive,2023,36000.0,km,GOOD,34033.33093824842,CAR-00274
ES,Model 3,Rear-Wheel Drive,2023,15931.0,km,FAIR,33181.42617788131,CAR-00275
FR,Model 3,Rear-Wheel Drive,2023,16900.0,km,GOOD,32325.53793756398,CAR-00276
IT,Model Y,Rear-Wheel Drive,2023,13866.0,km,GOOD,37002.72167150105,CAR-00277
SE,Model Y,Rear-Wheel Drive,2023,21380.0,km,FAIR,469256.45730996283,CAR-00278
AT,Model 3,Long Range Rear-Wheel Drive,2023,5790.0,km,FAIR,35218.58868329779,CAR-00279
AT,Model 3,Rear-Wheel Drive,2023,7843.0,km,FAIR,37507.79191902861,CAR-00280
NL,Model Y,Rear-Wheel Drive,2023,46336.0,km,GOOD,37866.58090436359,CAR-00281
NO,Model 3,Rear-Wheel Drive,2023,9300.0,km,GOOD,412415.31403059606,CAR-00282
GB,Model Y,Rear-Wheel Drive,2023,3311.0,km,GOOD,30828.82460580641,CAR-00283
DK,Model 3,Long Range AWD,2023,35325.0,km,FAIR,288276.09832684434,CAR-00284
NO,Model Y,Long Range AWD,2023,13101.0,km,FAIR,406704.79548062844,CAR-00285
IT,Model 3,Rear-Wheel Drive,2023,39147.0,km,GOOD,33324.86270457176,CAR-00286
FR,Model 3,Rear-Wheel Drive,2023,41000.0,km,FAIR,30964.367803363944,CAR-00287
IT,Model 3,Rear-Wheel Drive,2023,9930.0,km,FAIR,29836.862798798345,CAR-00288
IT,Model 3,Rear-Wheel Drive,2023,28964.0,km,,34111.736437780906,CAR-00289
IT,Model 3,Rear-Wheel Drive,2023,15189.0,km,GOOD,36941.326021518216,CAR-00290
FR,Model 3,Rear-Wheel Drive,2023,29462.0,km,GOOD,32451.36719737129,CAR-00291
IT,Model Y,Long Range AWD,2023,13706.0,km,FAIR,52274.72323403763,CAR-00292
GB,Model 3,Long Range AWD,2023,11747.0,mile,GOOD,33074.11802041147,CAR-00293
ES,Model Y,Long Range AWD,2023,57789.0,km,GOOD,42946.23559680886,CAR-00294
FR,Model 3,Long Range Rear-Wheel Drive,2023,21618.0,km,GOOD,32760.683639749845,CAR-00295
DE,MODEL 3,Rear-Wheel Drive,2023,36303.0,km,GOOD,26660.03408452962,CAR-00296
GB,Model 3,Long Range Rear-Wheel Drive,2023,17500.0,mile,GOOD,32821.331419314185,CAR-00297
GB,Model Y,Rear-Wheel Drive,2023,11500.0,mile,GOOD,31263.28477477367,CAR-00298
IE,Model Y,Long Range AWD,2023,20747.0,km,,40567.826828724734,CAR-00299
CH,Model S,Long Range Palladium,2023,18811.0,km,FAIR,71087.25129233622,CAR-00300
DE,Model Y,Rear-Wheel Drive,2023,4391.0,km,GOOD,38314.4356578524,CAR-00301
FR,Model 3,Model 3 Rear-Wheel Drive,2024,21000.0,km,GOOD,35664.50908180049,CAR-00302
PT,Model 3,Model 3 Long Range Dual Motor All-Wheel Drive,2024,16509.0,km,FAIR,47511.70037186038,CAR-00303
ES,Model 3,Model 3 Long Range Dual Motor All-Wheel Drive,2024,21600.0,km,GOOD,43069.93170323872,CAR-00304
FR,Model 3,Performance,2024,6356.0,km,GOOD,54011.499577053095,CAR-00305
DE,Model Y,Rear-Wheel Drive,2024,3117.0,km,GOOD,41394.73893025465,CAR-00306
NO,Model Y,Long Range AWD,2024,5800.0,km,GOOD,520855.5986578043,CAR-00307
CH,Model Y,Long Range AWD,2024,1500.0,km,GOOD,49832.49995517099,CAR-00308
IT,Model S,Plaid,2023,32549.0,km,GOOD,93135.72267724689,CAR-00309
DE,MODEL 3,Rear-Wheel Drive,2023,17550.0,km,GOOD,31748.49799826214,CAR-00310
DE,Model Y,Long Range AWD,2023,18800.0,km,GOOD,35567.73737777943,CAR-00311
FR,Model 3,Performance,2023,2300.0,km,GOOD,48097.507790193646,CAR-00312
IT,Model Y,Rear-Wheel Drive,2023,52520.0,km,GOOD,34474.237634725265,CAR-00313
ES,Model Y,Rear-Wheel Drive,2023,39993.0,km,GOOD,33776.36709226908,CAR-00314
IT,model y,Long Range AWD,2023,38677.0,km,GOOD,40042.58926399127,CAR-00315
DE,Model S,Long Range Palladium,2023,23500.0,MILES,FAIR,71829.49481557854,CAR-00316
DE,Model X,Plaid,2023,10600.0,km,GOOD,92965.94963830184,CAR-00317
FR,Model Y,Long Range AWD,,51152.0,km,FAIR,41864.68452267236,CAR-00318
DE,Model Y,Rear-Wheel Drive,2023,26651.0,km,FAIR,36144.52250521767,CAR-00319
GB,Model Y,Long Range AWD,2023,10484.0,mile,FAIR,42835.63557200592,CAR-00320
FR,Model 3,Long Range AWD,2023,184495.0,km,GOOD,41887.18784397554,CAR-00321
FR,model 3,Rear-Wheel Drive,2023,15990.0,km,GOOD,30774.96608637702,CAR-00322
IT,Model Y,Rear-Wheel Drive,2023,38000.0,km,GOOD,23067.935392418265,CAR-00323
FR,Model 3,Rear-Wheel Drive,2023,10100.0,km,GOOD,33991.173764642575,CAR-00324
GB,Model 3,Long Range Rear-Wheel Drive,,9500.0,km,GOOD,37152.29313183188,CAR-00325
CH,Model Y,Long Range AWD,2023,45000.0,km,FAIR,37177.4922426741,CAR-00326
FR,Model 3,,2023,22721.0,km,FAIR,35794.19149732384,CAR-00327
DE,Model 3,Long Range Rear-Wheel Drive,2023,19000.0,km,GOOD,31424.789752364093,CAR-00328
DK,Model Y,Performance,2023,50029.0,km,GOOD,336500.11982048076,CAR-00329
IE,Model 3,Long Range Rear-Wheel Drive,2023,19250.0,km,GOOD,37134.053615059245,CAR-00330
FR,Model 3,Long Range Rear-Wheel Drive,2023,187429.0,km,GOOD,39322.559494480454,CAR-00331
IT,Model Y,Rear-Wheel Drive,,20500.0,km,GOOD,34028.27965019014,CAR-00332
FR,MODEL 3,Model 3 Rear-Wheel Drive,2024,28000.0,km,FAIR,37575.2075489114,CAR-00333
FR,Model 3,Model 3 Rear-Wheel Drive,2024,12500.0,km,FAIR,36185.04981611912,CAR-00334
DE,Model 3,Model 3 Long Range Dual Motor All-Wheel Drive,1925,1740.0,km,GOOD,50541.8941304402,CAR-00335
FR,Model Y,Long Range AWD,2024,56073.0,km,GOOD,37736.57274631719,CAR-00336
FR,Model 3,Model 3 Rear-Wheel Drive,2024,6589.0,km,GOOD,39683.03011287312,CAR-00337
IT,Model 3,Model 3 Rear-Wheel Drive,2024,4843.0,km,,39210.04434631455,CAR-00338
FR,Model Y,Rear-Wheel Drive,2024,9735.0,km,GOOD,36298.387448683665,CAR-00339
FR,Model 3,Performance,2024,12500.0,Kilometers,GOOD,51792.484962972594,CAR-00340
NL,,Long Range AWD,2023,56680.0,km,GOOD,40544.58122481187,CAR-00341
LU,Model Y,Performance,2023,38785.0,km,FnAIR,41783.17901386693,CAR-00342
DE,Model 3,Long Range AWD,,21500.0,km,GOOD,36897.24739148647,CAR-00343
GB,Model Y,Long Range AWD,2023,11400.0,mile,GOOD,41854.49666826097,CAR-00344
DK,,Rear-Wheel Drive,2023,14557.0,km,GOOD,299796.69152381714,CAR-00345
FR,Model 3,Rear-Wheel Drive,2023,12700.0,km,GOOD,35632.70027247812,CAR-00346
IT,Model 3,Rear-Wheel Drive,2023,22591.0,km,GOOD,38798.47291054768,CAR-00347
IT,Model 3,Rear-Wheel Drive,2023,25269.0,km,,35430.10058306228,CAR-00348
AT,Model 3,Rear-Wheel Drive,2023,12917.0,km,,29249.415488743063,CAR-00349
GB,Model Y,Rear-Wheel Drive,2023,6128.0,mile,GOOD,34825.540887744304,CAR-00350
DE,Model 3,Performance,2023,14900.0,km,GOOD,40033.85231788299,CAR-00351
GB,Model Y,Long Range AWD,2023,25603.0,mile,GOOD,37235.7367947969,CAR-00352
FR,Model 3,Long Range AWD,2023,37554.0,km,GOOD,38348.69588298163,CAR-00353
FR,Model 3,Long Range AWD,2023,40000.0,km,GOOD,39643.63168678271,CAR-00354
FR,Model 3,,2023,336220.0,km,FAIR,32110.113306643467,CAR-00355
GB,,Performance,2023,42661.0,mile,FAIR,26425.007808924885,CAR-00356
FR,Model 3,Long Range Rear-Wheel Drive,2023,30400.0,km,GOOD,34827.514402302455,CAR-00357
DE,Model 3,,2023,,km,FAIR,29424.874070665363,CAR-00358
DE,Model 3,Long Range Rear-Wheel Drive,2023,29132.0,km,GOOD,38615.94814825261,CAR-00359
ES,Model 3,,2023,15099.0,km,GOOD,36265.022082662144,CAR-00360
DE,Model Y,Rear-Wheel Drive,2023,13257.0,km,yGOOD,34180.53830217593,CAR-00361
DE,Model Y,Long Range AWD,2023,8217.0,km,GOOD,45630.1545451562,CAR-00362
FR,Model 3,,2024,20539.0,km,GOOD,35606.23798856407,CAR-00363
NO,Model 3,Model 3 Long Range Dual Motor All-Wheel Drive,2024,14520.0,km,GOOD,426927.0010609235,CAR-00364
DK,MODEL Y,Long Range AWD,2023,30600.0,km,GOOD,330490.6231710443,CAR-00365
FR,model 3,Model 3 Long Range Dual Motor All-Wheel Drive,2024,15633.0,km,GOOD,44536.22767110316,CAR-00366
GB,Model 3,Model 3 Long Range Dual Motor All-Wheel Drive,2024,4219.0,mile,,48011.62688900554,CAR-00367
SE,MODEL Y,Performance,2024,14617.0,km,FAIR,482032.48070980434,CAR-00368
NO,,,2024,4699.0,km,GOOD,502062.8432958991,CAR-00369
ES,Model 3,Model 3 Long Range Dual Motor All-Wheel Drive,2024,1410.0,km,GOOD,43078.90495958501,CAR-00370
IT,Model Y,Long Range AWD,2025,7307.0,km,GOOD,36160.84286576286,CAR-00371
FR,Model 3,Rear-Wheel Drive,2023,12915.0,km,FAIR,35491.24862735553,CAR-00372
NO,Model 3,,2023,5362.0,km,GOOD,390012.68345080613,CAR-00373
AE,Model 3,Long Range AWD,2023,682000.0,km,FAIR,138992.38740508372,CAR-00374
FR,Model 3,Long Range Rear-Wheel Drive,2023,30400.0,km,GOOD,36056.2657845096,CAR-00375
GB,Model 3,Model 3 Long Range Dual Motor All-Wheel Drive,1923,3088.0,mile,GOOD,50271.02548343314,CAR-00376
DE,Model 3,Long Range Rear-Wheel Drive,2023,29132.0,km,GOOD,38607.213878261995,CAR-00377
GB,Model Y,Long Range AWD,2023,10034.0,mile,GOOD,45736.72645988953,CAR-00378
DE,Model 3,Long Range AWD,2023,14033.0,km,GOOD,38914.9845231167,CAR-00379
ES,Model Y,Performance,2023,15000.0,km,GOOD,45648.41047735341,CAR-00380
IT,Model Y,Long Range AWD,2023,48051.0,km,GOOD,42796.83126914431,CAR-00381
PT,Model 3,Long Range Rear-Wheel Drive,2023,31114.0,km,GOOD,36141.13339620033,CAR-00382
